Id,Fraction_Insertions,Avg_Deletion_Length,Indel_Diversity,Fraction_Frameshifts
0,0.12274207111218248,6.7016254857140956,3.5277477103977777,0.7674348563849308
1,0.2843852882358859,10.093341151329657,3.8401290985738106,0.6826301290892628
2,0.16372378070225396,8.01172494342526,3.765545692842048,0.6195479026166552
3,0.21162398247017614,6.47125243515173,3.872383776088604,0.6771127496698278
4,0.35602337183961735,7.631975387534574,3.6192700627131136,0.7637666398231565
5,0.07121294162876582,7.584375511593014,4.631934978156667,0.5917052000239236
6,0.27547174473714403,8.41598119110274,3.140365675663355,0.7110304297423508
7,0.06074044001100871,7.114370689284307,4.0121944648489185,0.6843573805819522
8,0.1877443423044271,9.120702743906268,3.9871615683907384,0.6649550242633459
9,0.11041105804620148,5.087676786553486,4.0287509702845385,0.6628995667939411
10,0.2757767812071677,9.49149922014978,3.4998559494407337,0.6560321812329264
11,0.11119165433254745,5.908676304006774,4.17858725010315,0.6228946364461683
12,0.18339190251771426,8.844712309502272,4.063673187079495,0.694514742008027
13,0.3300214720818124,5.526551192601764,2.9991147793243917,0.8235373646351952
14,0.0654426162341282,9.848242694135427,4.463937179744453,0.6339175309322174
15,0.1807719565128364,6.198939893802361,3.8597412009291454,0.7079672217147771
16,0.26067317280423774,7.405434331415213,3.6523559890663737,0.793213405891997
17,0.4316630222077414,8.035522376116623,2.819778578152998,0.7765017267754651
18,0.288274440079045,8.498570847220465,3.884125377406303,0.7486384613348211
19,0.31754521386095175,8.35199420729037,3.5700954537283054,0.7110378582642618
20,0.15925140544209002,8.334741096319792,3.7855988951983424,0.6901481322358074
21,0.3144086195850235,5.274590696124709,3.16223621187335,0.7795024965122641
22,0.2171627154559154,7.004266395165392,3.5723110914394955,0.7781779868542115
23,0.1526463744292325,6.049806961815842,3.5241329398935344,0.6989831361628679
24,0.24553607315650783,7.098594237031186,4.17968563310071,0.732185891411741
25,0.32109040804800115,7.158421995038733,3.497401921089184,0.8334858441557415
26,0.286144236796005,8.068767504425495,3.6713576181710352,0.7555386404460387
27,0.23915426440803828,7.572477129555606,3.8934676242257624,0.7171407317396558
28,0.38025913875393164,7.407498246764289,3.467980386472346,0.7607952229814204
29,0.18535976252084305,6.811329844096766,3.325940361346498,0.7370801367269625
30,0.3667079306732159,6.6496637298244945,3.5065279452472065,0.7599421378772019
31,0.10377210920412841,7.495895115883348,3.801910512601585,0.7443618049670205
32,0.11287886852316448,6.804513877998361,3.9244226146969465,0.6823450200581626
33,0.2900989162500248,9.172145707160832,4.0240968912684085,0.7207697595945918
34,0.219817180418636,6.494511520828895,3.621501227498734,0.7112823126557698
35,0.290699325799048,6.612388216133519,3.44647347637671,0.7758280312880593
36,0.1991652465542465,6.70616500024048,3.743559230005706,0.6632750365028639
37,0.352532884489522,8.023227511328534,3.8237796674685507,0.6444588708246719
38,0.24972205443349813,8.463500378504405,4.245391228452028,0.6860356847377587
39,0.32779768647810914,8.021583159070753,3.359534594857341,0.7732668236598549
40,0.20671806293909276,6.547193065116144,3.7833568176528307,0.6839052377928128
41,0.1628718521089819,8.35739762701288,4.170688306814364,0.647421536230295
42,0.3821898843209141,7.855727859908883,3.3062726052358107,0.7085861802821436
43,0.207964017700279,9.645204617328192,4.071864719092878,0.6416147462258786
44,0.26515063957492124,5.993123506662496,3.6271520772668424,0.6175889711544034
45,0.1353410450417541,8.784451336171086,4.083785535846028,0.6507455249159565
46,0.33302311286490077,8.223141246332705,3.661152184919525,0.7864627250219511
47,0.1588092637144262,6.591290078982908,4.055186673479831,0.7280392827001855
48,0.07067731223407028,5.003867017140733,2.9694476061133375,0.8241805118965159
49,0.040247080750112296,7.1342722751913,4.379109155132807,0.6617797746286348
50,0.39198596006436287,7.0489699807157145,3.1074261726861137,0.7797550752718149
51,0.24616487940803744,6.604926699738661,3.878163207757002,0.6679679346553892
52,0.16194777280071745,8.920145366126828,4.293728981972097,0.6482234651963419
53,0.060947943166194556,9.040999797321403,4.296960317871788,0.6519919605123476
54,0.2093668204699205,8.206076196790121,4.17408028620021,0.670512014194679
55,0.3240211635061648,9.03933099723708,4.442637502689146,0.6641223633099342
56,0.3036447711953233,6.100046828929854,3.4293504237507912,0.6825916955721226
57,0.12748302070823858,7.299851400334548,3.991117919364109,0.6037879385261846
58,0.17175730614768453,7.627048991236125,3.732689270923361,0.6911146889652776
59,0.35697434134888634,6.817454817684463,3.820571804455988,0.7652276322614262
60,0.29760628940382944,8.09412006776562,3.707749261153982,0.7324989270759303
61,0.13850095068072982,5.5557236926481846,3.588850518899584,0.6907240077584267
62,0.07475725317096,8.093542550042951,4.1862493693699365,0.6416462289476779
63,0.4112411868664038,8.22367588139093,3.0875271750556585,0.7525272627860604
64,0.23776841132984497,7.53280743335442,3.750130347725956,0.6624405680084577
65,0.26336061768983315,5.73005472991506,3.014348473008288,0.8121451022798122
66,0.21140787823506707,5.885389516532324,3.4477126166279692,0.7441367017521091
67,0.38934291636031676,8.16732956568699,3.353116814158018,0.7618425298479807
68,0.13556583840938097,6.690507917262027,4.026545512145477,0.6671442577846545
69,0.12895664719442584,7.567577511152348,4.37566218203685,0.5604696593111619
70,0.3580022751738959,8.34528337089006,3.4633957015829075,0.7690058947257631
71,0.22478088349995673,7.752160739780098,3.806780358530147,0.6410715975576149
72,0.18679746272319434,6.15998519555795,3.9642602044614215,0.686825744006263
73,0.3310835500853194,4.899139388633457,3.0300521229603103,0.8160793067776829
74,0.21057549134355344,7.632215030412654,4.043185329114882,0.6996866528892413
75,0.2822504435219698,4.964333962680551,3.365537440863898,0.721719793817907
76,0.21503790935882794,4.544325709910554,3.170733328468199,0.7536534031329161
77,0.15735431323004426,8.436334515098123,4.197359839577396,0.6229266740779767
78,0.18336236127045424,6.0627778381541155,3.959726744369712,0.6582540626120084
79,0.21887935366173264,7.898851398340638,4.157712217738013,0.6381379692312673
80,0.27959950944786405,7.026844163725907,3.588155900220234,0.7141655726463978
81,0.13916156633813112,7.683875642246485,4.070424795329801,0.6836195162878024
82,0.11126149771566216,7.351007128779198,4.011947046201949,0.6768728798327213
83,0.2477258583386225,6.3745280515479035,3.4742143498690408,0.7328845581290435
84,0.16920312671001914,7.235974103774099,4.074807844671718,0.7009133044506028
85,0.1853740729862156,8.297421068608408,3.6740890432595945,0.7665829177376998
86,0.10965899796339337,7.652058705248978,3.7643474252488107,0.6575141781666024
87,0.041737164983406266,7.015392443595167,4.404898417482965,0.6172456463378478
88,0.16365062747886483,7.044520879299306,4.1129860665864415,0.6395088860634842
89,0.019219921162095286,5.178464477760367,3.855379506372721,0.7144958117936797
90,0.3805680987631218,6.377797352602066,2.8416418372629,0.8074254195477913
91,0.08432292959923998,6.648721401058782,3.9643093135447893,0.5818587459535703
92,0.03379995668389025,5.835284401741275,4.2295484478604335,0.6732248397728344
93,0.14801522178760726,6.685204901124515,4.2770305537428435,0.6581190252076353
94,0.18425501325187144,8.943422259574765,3.9366679735754855,0.6569333458017484
95,0.3215451920040005,9.217307404375198,3.7617006894039644,0.7429878423161222
96,0.05838985706485089,7.336437323519824,4.106268191339833,0.68969643204763
97,0.1975275102328528,7.576404174869572,4.1085164257042734,0.7020761605425754
98,0.1203033124251815,5.150690061293854,3.1851566313464934,0.8436307658638392
99,0.16227675234095246,7.732987642365543,4.123844787204267,0.6846271189499502
100,0.31387478185852913,7.381283092524532,3.723157363133254,0.7465695251208394
101,0.15518243241910518,7.648670300319835,3.730747230789817,0.6571962939104062
102,0.19782478486676472,5.961022231095624,3.7694602825109857,0.6908474912983505
103,0.18607586652585992,6.296169872939792,4.350285007545209,0.6156794202268008
104,0.11661530181961607,5.434197140907579,3.9401447853353484,0.6577620576595727
105,0.32610310860454705,9.056449309032068,3.3204991427476296,0.7087649620236545
106,0.21473279596968148,5.964807343931302,3.702410188575561,0.6534832928256249
107,0.25123702442583845,6.792481278218942,4.096207425104199,0.7688095346516014
108,0.2466320823381562,7.661904012857087,3.9487547302900494,0.7100051368388606
109,0.31029414854911774,7.231741729811267,3.6892410836694887,0.7388834567183393
110,0.2056985156019249,8.622211765255766,4.369669269247833,0.6040225908161553
111,0.2430010717394285,7.78202736865314,4.099366366864196,0.697311773395809
112,0.08831193965414665,6.372995515728627,4.103220463003498,0.7393286764348989
113,0.1739862356229192,8.108984752142637,3.7268833498457106,0.6916632446614623
114,0.2482644774491537,5.146126313931974,3.65030141178692,0.7235000626184286
115,0.2463866940412696,5.787287489319158,3.3068765879182442,0.7441955190616185
116,0.23815870425320002,8.781460857633105,3.910894621874952,0.706962570140477
117,0.2853330549126635,7.16853003384725,3.5218173118347225,0.7372613712929253
118,0.2772206018711888,6.940312334570472,4.053965611522499,0.7967738015912111
119,0.29507939526481,6.443564441531765,3.465307677254982,0.7083598884910819
120,0.20407098275747582,8.968480067508427,3.7642928155718915,0.544497914078116
121,0.20273443136683195,6.103377629152518,3.4450676607934256,0.7272048673878485
122,0.08469817746609405,7.373732303120598,4.124955322073503,0.5764739703992687
123,0.46815881362971884,6.959330956227375,2.912047276699309,0.7837949448321226
124,0.36542355003613053,6.104304436237508,2.999348874030667,0.8041684082800804
125,-0.03229554091100537,7.589014803628924,4.431426695831443,0.6187505798193044
126,0.19283904629590526,6.42405103611398,3.7656929635439362,0.7193772627381095
127,0.33008298464442326,6.731207738136187,3.5348642893292688,0.7817027592801931
128,0.2275425103855559,6.370256309839541,3.291204822943941,0.7455842069425871
129,0.08941077905298278,4.915054106627103,3.9567913278474847,0.6385331826150309
130,0.031864872768599985,4.390673506464728,4.142633373627906,0.6790624907006423
131,0.2086479189257591,8.384725525404072,3.41634947580064,0.6378793445102978
132,0.017660475712120337,8.24487500022337,4.703038638681264,0.6258888149148836
133,0.36131589801643005,5.928132130699183,3.2270366468168987,0.7969371898396373
134,0.3127351579277504,7.603252812067654,3.801280847195651,0.7375630624460427
135,0.21919589141306084,6.523002625778977,3.501453237766172,0.7567214428074683
136,0.2300306111193577,8.49821432875856,4.0969510560012745,0.7044018733521022
137,0.047854879541500826,6.7887243636026,4.483666097229858,0.6747628838167955
138,0.0742109371709475,7.354601951591936,3.894439443456313,0.6091025521987947
139,0.20057746040194097,6.737930228381202,3.554867824724173,0.741155621483548
140,0.08581160760437977,6.26495843102979,4.103952517012579,0.6640981487982274
141,0.19221465494104056,6.652756370509196,3.7765075129085908,0.6734595514815409
142,0.18768008562630972,6.132142637265465,3.379851042791036,0.7138971927160171
143,0.3007374131008584,7.558106965825537,3.656912923932709,0.725173245841873
144,0.16387110831551877,8.06088861854026,4.07103773224535,0.6311331431370986
145,0.14186615396137645,7.598803722636642,3.7350273690432187,0.7621843519917116
146,0.10651984706885259,8.257368665811212,4.164164279008901,0.6537477439311119
147,0.178421653659369,9.45630054441402,4.149577165750802,0.6465665527889413
148,0.10324262162644438,6.426139167839156,3.9932523298826554,0.7059994527356951
149,0.1253153548717629,10.39977279583961,4.5576031901861835,0.5547565489289991
150,0.30254982115938595,9.4135371007257,3.8175676789871154,0.6479009761855549
151,0.05508312480694097,5.472132757957163,3.7969278756303626,0.6867540257068403
152,0.0998255236416855,6.6421633617448865,3.8395550209061433,0.649545199176975
153,0.1170740292337162,7.027899354160138,3.2866063351394375,0.6775167379960529
154,0.2947949326760097,8.829761460726965,3.768544913372191,0.6488643583274416
155,0.08403987340522277,6.322783830598991,3.9998688563347575,0.6652561798619877
156,0.23531603366376647,5.481031869233023,3.1812343994123284,0.81456454587062
157,0.41230618570827243,7.878178757617164,3.144152716002455,0.7651414956055578
158,0.19051854931772869,7.521641732775175,3.267212528452906,0.8054549446039875
159,0.24210514599780816,7.5990828193801185,3.9522652479332754,0.6460553196831548
160,0.3300379458244396,5.7879334206116,3.2655349552531243,0.7987943689133642
161,0.14162949867298624,9.087609446736826,4.394630184335996,0.6736920003535183
162,0.1554969546421094,9.709255493566577,4.394161169148858,0.5835235131488664
163,-0.00297501749854986,7.442802218498802,4.4163362853972385,0.61727548669065
164,0.13557622423443144,6.256994209841799,4.200853700253595,0.6996021794713878
165,0.05540677611822112,6.9572177230427,4.309052147516382,0.6939241016230334
166,0.28197583887015115,8.119365568083238,4.158957704968498,0.671309353096982
167,0.23084353160983562,7.0063224202315135,3.9464270384926,0.7165303411687322
168,0.22031416055665046,5.037818917241558,3.590879217630217,0.7662701027340983
169,0.13190874887133355,6.520364958061653,3.8400958277591326,0.6976841383586794
170,0.29546162911631124,8.22986806915999,3.8649446896826913,0.770768027421192
171,0.1530713736917948,8.347263780138327,4.041475585010683,0.7005421615061889
172,0.33318626890981773,6.42017207656295,3.2972025159762564,0.8246098678017525
173,0.11313056551434214,6.370522696424018,4.253298050159294,0.7105277773479376
174,0.3968654526563658,7.768371096843824,3.170134002606279,0.7281424645200916
175,0.3451098404166762,6.884957763551549,3.516485694344074,0.6872011287706168
176,0.1365454726188765,7.045137942349521,4.059299632797487,0.732665297818789
177,0.39745203904239246,6.0651554498051965,3.31302798011253,0.7785948649209078
178,0.3572643886206208,7.769280511978983,3.6173258057197986,0.7629960094500864
179,0.23019633251654067,8.293452104326015,4.322441070303272,0.6286814601802521
180,0.1803424038335868,9.079829166324279,4.0850597039302645,0.574213800865183
181,0.37400383980505664,8.292210111522941,3.368014716904883,0.7546235051790138
182,0.260828323946877,6.296533979069157,3.764586972893755,0.6991553368048101
183,0.20433982547822613,6.042773837750155,3.341676869803351,0.7373229101150935
184,0.1393154001194717,6.049292734137729,3.276951862465533,0.8133217259775241
185,0.24530394271290717,6.2884488836128325,3.901581460004634,0.7227500662060515
186,0.0932257051295859,7.969364022329601,4.2513910026698625,0.6667234995425062
187,0.3495367012245322,8.314136105306057,3.341494080453434,0.6972373855432004
188,0.22983620822744935,9.155543610047172,4.143420039098019,0.6883328571066935
189,0.22600775242020443,7.42513847243685,3.5488307273654187,0.6845562984505367
190,0.3043267943079587,5.977486284142922,3.493502379351592,0.7626100473312666
191,0.2586781644450936,7.894463307835851,3.8256001100375365,0.6854336248334372
192,0.09450321644261653,5.9277346943668165,3.7308537656880207,0.7508233755919906
193,0.1816510480598121,6.121182589358898,3.225479297680336,0.6763733108778655
194,0.08056340087497758,6.242800678670427,4.021332123497044,0.6956802382730969
195,0.1971553187425869,8.031262265114481,3.8343355488195794,0.7445450752110783
196,0.13255968099698204,8.168235004639424,4.054681048704486,0.6883717931105101
197,0.16303509132100485,5.263822474432661,3.9623174056540105,0.7678000495088133
198,0.2828362574291436,8.117762111888482,3.111214940695051,0.7046315987764205
199,0.09896577993492042,6.303055895019329,3.9093178012094256,0.6068631393394456
200,0.16723056366611158,6.025823760947223,4.077151626150111,0.7471706498510032
201,0.2570976323597377,7.1133364288237075,3.7026827704207323,0.7106000471496665
202,0.09228143774993594,9.117888745670587,4.189690829230617,0.5761610305803168
203,0.15267859039735404,7.619985328861809,3.9756367102313517,0.7391463105973319
204,0.2831628132339069,7.801208903481187,3.8398417449049904,0.6554385467173475
205,0.2890330504681189,5.609026639448872,3.6471258321375206,0.7667969765928374
206,0.11282720069776106,5.952132706016997,3.9845179134603113,0.7929041769735059
207,0.2955813515269144,7.466770684556069,3.2550685609342587,0.7332883739345105
208,0.06693050733491825,6.691460426737675,3.8652761105547233,0.6917109528143313
209,0.2714463127035017,8.118196538952423,3.7412992865690886,0.7173946218219668
210,0.09724008351890008,4.9925670231974015,3.7746886651646308,0.7221854900193941
211,0.29878243341439076,5.3323806171370105,3.576276045967658,0.7188777862410339
212,0.1166599127746395,7.190701346758023,4.031096887879437,0.6744177568211548
213,-0.008274447380827728,5.907421798472745,4.2703016788825545,0.6527129624682577
214,0.23848523606700786,8.344608153938932,4.118883677339455,0.6761675289189473
215,0.24465596326380068,7.739962539960521,3.537658703336308,0.7293362186273975
216,0.14247865365166926,6.693068237566511,3.734397448387904,0.6737238159037284
217,0.268884366661508,5.910459384172673,3.1892161283689338,0.7279147721993882
218,0.13033936114559147,5.053940212132038,3.9142015431186117,0.6713921107103422
219,0.09957296181282319,5.51528902857755,3.4430302221989257,0.777837554125573
220,0.19466053776633893,7.257113696063843,3.9880137595273446,0.629331387266388
221,0.146199811194879,9.417116573632434,4.172444859866336,0.6839011020301495
222,0.051924012858399565,6.027418574419784,3.97153807410077,0.6672482522941522
223,0.4652413599721796,9.67540611956775,3.1060809373429215,0.770260112567285
224,0.17699096396205932,7.358931131834264,3.6907077548026708,0.7129065017603512
225,0.1895769438713232,6.68883281977389,3.7121824194453152,0.6928354058982396
226,0.3031295543207517,9.93996599605241,4.028029855582213,0.7106246354894521
227,0.06841874261720989,8.150915415920013,3.8702988641591145,0.5831999548080983
228,0.21801913256272992,13.081574129735682,3.70501020165297,0.5705160265525361
229,0.1229389139827664,7.64194527745965,4.269870571337048,0.6243183668107908
230,0.1515720815025507,8.89105753341778,4.145324128191389,0.6030156067396569
231,0.20069029071426361,8.11554457601764,3.948272107281967,0.6778289010628122
232,0.2977830687600248,8.52632382702082,3.9275488404763426,0.7542532146671977
233,0.03971383514911313,7.190054394527263,4.412030795923986,0.6193813744933928
234,0.05531853974159947,6.455814397062629,4.327448326566308,0.6346560741840217
235,0.17424745416080578,9.381743837117988,4.270412694872097,0.6585757619439241
236,0.043814090111346175,7.606315491629502,4.409227786223775,0.6237979251061754
237,0.1681522033958387,6.762372032392913,3.8552841381534133,0.6978798273333068
238,0.3572066767847809,7.461387084562454,3.4615121920065772,0.7429719785077735
239,0.2609073365134548,6.844719494426906,3.5485687275021847,0.7160213543975039
240,0.19137504485857074,7.182335515770072,4.120138225756801,0.6558996372406533
241,0.2741214596064823,10.073087230148364,4.089723107264688,0.6522023986755574
242,0.17135039892943774,7.326399385382689,3.871914806057976,0.6735221609504056
243,0.14108149245286047,9.977852580349822,4.231209660258582,0.5873806280257587
244,0.1429731977263768,7.88465524335169,4.103453999522945,0.6665414718131438
245,0.15718477956865487,6.488156667282302,3.9822497835636645,0.7090174603383148
246,0.1570997890059226,7.816738411365802,4.001445567123911,0.6793215730693396
247,0.22547551560769233,5.776096929411024,3.3512039174765174,0.7424339851651927
248,0.1122526054556799,6.722085011639194,3.719557979818367,0.6983790470866748
249,0.1882837927697352,8.194485625620922,4.231699518596653,0.6524083883353321
250,0.22592369726284467,5.924009870701442,3.239456073483157,0.8034095716948396
251,0.21215631550149927,9.074512536575755,4.178330996673024,0.7159083591530861
252,0.1059887580807836,5.59436831009524,3.673506234734881,0.6835140488905209
253,0.15040903677276082,6.877275746130588,3.878239111208493,0.6506808546222465
254,0.24940959768136498,6.4590068108718315,3.6507792128839167,0.7495153434995108
255,0.02074888819306247,7.94676860180451,4.005720999725715,0.6210329862767192
256,0.2150458360958568,8.106112367285727,3.535111229060576,0.7112874535599341
257,0.25970774393208707,7.8129284088380055,3.7215590946966945,0.7155256898154073
258,0.19062358689455589,9.207086245273073,3.87044430310577,0.6167011113560682
259,0.0842911816607988,6.586595498085744,4.000055100897475,0.6348768721000376
260,0.1844902018246588,7.5222840267877595,3.6806398900602297,0.6832404430932439
261,0.12932130814786658,8.617487864120333,3.9362328172034338,0.5948648493868867
262,0.2950292301132564,7.5137739853453285,3.7554887807081436,0.7351122845769469
263,0.2554510258329796,8.980301122291594,4.1769440152203146,0.6543421924810364
264,0.382328380625672,7.717880152554607,3.573486485202469,0.775822462955265
265,0.1600468082327966,7.08052788866622,4.237378395861706,0.7704411097483429
266,0.20258317276334395,7.512375745613437,3.694247880062465,0.7409250959761238
267,0.014316531448982137,7.528546443185217,4.010793000026343,0.6578220230545127
268,0.3256095591827166,5.619828030009945,3.535083407119103,0.7552090728610521
269,0.1633890030459368,8.52727469387359,4.253443148398715,0.6187707697832713
270,0.006526032502576733,8.15180736059758,4.375174846167036,0.635849574363282
271,0.18115014614337466,6.376025278153659,3.974685080701216,0.6800501643731854
272,0.03624377880135164,7.415589018657521,4.316473922994611,0.5940871570402375
273,0.23631762258504385,5.608149916554462,3.6728990980070537,0.7845138227162656
274,0.3699166667047212,6.212803318963249,2.9067194431472516,0.7473606498398204
275,0.26808512219845504,8.267589426446301,3.729469530704747,0.5969053594208391
276,0.47379929552436884,7.998039238038387,3.261303668259474,0.7350600267318048
277,0.2812068442707467,6.803829393030262,3.389147279415006,0.6973004762728845
278,0.1380713211694072,6.238688513530574,3.7378309424271317,0.6903991502659482
279,0.18577684385276036,6.7172625734156375,3.783550561095142,0.7139740617976904
280,0.4218810628563878,5.817701281918606,2.761913248502825,0.8547267734531422
281,0.29014896359915987,6.728006503084237,3.378093235483892,0.7490946896478954
282,-0.015057051001914791,8.122583358424434,4.570551773171294,0.5821627719850005
283,0.4278616741708142,8.625589775451038,3.3732209641631146,0.6687481813037821
284,0.2082249184903031,6.199992198813599,3.516649712999421,0.7275152255565237
285,0.10593464621127535,7.506078921105041,4.157128711063121,0.6286473241532912
286,0.20587855980443007,8.443851963021944,3.9703445894554963,0.6447462649478317
287,0.44483122646958906,6.8810367213651595,3.387821466967676,0.7909197121766071
288,0.31045095149687646,7.363232892875563,3.3946617754671617,0.7192627614352604
289,0.26888987243192697,6.821319282883872,3.495216760417282,0.7532634638254662
290,0.30197345539843257,7.564175344543244,3.7237281827976036,0.7228965060320808
291,0.2556737690871125,9.259899727807639,4.033294683801429,0.6591206681747064
292,0.3450541738619873,7.889333119645398,3.1945685607102488,0.7768661837970842
293,0.19715070108527286,7.505192643143676,4.19854634514472,0.6231745706328632
294,0.18797750826096693,8.107464136694716,4.36446697007326,0.6386434208406954
295,0.08476402415858562,8.526048692103936,4.228001969330654,0.6610816240370504
296,0.25668513108935714,8.515793025234197,3.6997893499948415,0.759379149107992
297,0.308763246486085,8.904596298095138,3.5205197177567245,0.7526956253218793
298,0.2906754181564998,4.645688571994601,3.328264985148947,0.7941767485523145
299,0.2123510914225959,8.227668927302146,3.800985779596752,0.634544886572366
300,0.1568579237824342,5.985448525540934,3.6412666395287676,0.7349575111623495
301,0.21422017958710834,8.351842042717852,4.244943440768658,0.6943958946285582
302,0.33193430635760124,7.7987676606890055,4.145895998135741,0.6921678818447792
303,0.23274319808219474,6.024211601249003,3.4072724711422837,0.783676618528619
304,0.36550261034887577,6.540522216242203,3.3358648038477297,0.7354965324691983
305,0.2886801643991054,8.222418813057015,4.074053855760008,0.6730055373217676
306,0.0372154787625437,5.673327449002633,4.16714228185178,0.6773842714562036
307,0.2588246102839114,8.521432252428314,4.033313096643608,0.6427202915269983
308,0.4257876258271724,9.378036699264616,3.4676570860697686,0.7201349544233087
309,0.17808494326855456,6.589821423669955,3.915739496476698,0.7445856518638703
310,0.10119923010039454,8.678933033849143,4.428005709569522,0.6840746433456354
311,0.2150976855087658,5.929379479745551,4.097803313820776,0.7126271617683545
312,0.30666540167343603,6.845932881699319,3.6723425620529637,0.7021987071915817
313,0.1387664931958892,5.658499690798757,3.6223184254602807,0.689224750721293
314,0.24184787664258656,4.969146171191172,3.3063346988101063,0.7533738284636543
315,0.21677731276805906,7.110267431951392,4.068814662328447,0.6957322242876629
316,0.19794892418853036,6.8773917848737325,3.7179112915721446,0.673584326734013
317,0.2011231078221568,4.512769050253233,3.1837425932396117,0.7397598179436745
318,0.19443008739035672,7.356289609789405,4.1068772878388495,0.6820751669482353
319,0.18572784401950343,6.1725617479728765,3.6518781385838266,0.6873451616510435
320,0.2528251020084042,7.039147046067867,3.8042939205653368,0.7503399319386658
321,0.1973211487874098,8.4121176493667,4.08689818657494,0.6583141331404355
322,0.3485897864313467,8.516279932429047,3.561694711838172,0.7836042935020785
323,0.2900762437227316,8.332044410805523,3.718171319690159,0.6933424484592712
324,0.23702191360806318,5.253043409560392,3.0960374391526533,0.8023864342594484
325,0.1363831659107925,5.278767868865029,2.9664080373958783,0.822254416519663
326,0.19900480636228488,7.737800981589131,4.025542535262163,0.6698769467348419
327,0.06762882731049927,8.044952985650728,4.289456959318107,0.6577151385504886
328,0.30545013476693017,7.015472846496152,3.3783508960293336,0.7574150993949719
329,0.12018752528694751,7.735973503784775,3.96096865465777,0.5980261764814032
330,0.15404365900163886,6.65208275968645,3.927891219317818,0.683527058400586
331,0.06941420994550541,8.365741934956763,4.426619500092268,0.7006901723160128
332,0.2456277065231786,7.985900788496745,3.7983188792042504,0.7039914782680707
333,0.08044524511258265,7.335261984800962,4.061033416111003,0.6471375337643422
334,-0.03871561796464406,8.720924163689299,4.194806195398642,0.6420367215417958
335,0.32752902286902186,6.2579987579009755,3.2712043487635434,0.7642289128436587
336,0.08664359726694555,7.25885615780505,3.794344926450335,0.6787282646009587
337,0.08837692130905549,8.40315523702325,4.113279019782628,0.6120377352128179
338,0.1886137268055023,5.901329390257049,3.845706559872359,0.7112835944750454
339,0.3504391488511674,7.523120012359966,3.6719836096702214,0.7021656052154177
340,0.17523500265220573,8.051117315961175,3.7789112422340994,0.7488041582377614
341,0.2760443153233435,7.065017038602921,3.6619380989381596,0.7222834951336287
342,0.3443977793781065,7.853270032340592,3.373944324461223,0.7738497791036921
343,0.12880453885477858,8.659964278704642,4.290535323587774,0.6670432495562941
344,0.11474109663596353,7.065897768995439,4.062030630597748,0.6179132628517285
345,0.40924452051220384,6.1536212893065905,3.3787634648997322,0.7613465271155523
346,0.25722591306670184,8.467241588005038,3.8403634177527803,0.7453238613830938
347,0.2135773422280789,6.046240152724103,3.617541764415914,0.7636311664437012
348,0.31651600240739675,6.779677726833894,3.4902567788431123,0.7771714437769194
349,0.3930781708410868,7.349138379692418,3.5158297922364063,0.7215832947515912
350,0.1962392858588942,9.457431520396062,4.214090639923104,0.6633318355030368
351,0.3255751327053859,8.042372142845934,3.9904716158703657,0.6103823390928921
352,0.07142330591623813,6.387418010397265,3.650980976928325,0.6659404241220632
353,0.15311453210470793,6.500074978426331,3.77454018680495,0.7233526276215775
354,0.24365851106739453,7.091716761740011,3.4434814646355854,0.770629895744915
355,0.04238632441799686,4.817188525046628,3.9053116302168323,0.688242074529943
356,0.12131707271552111,5.74568408392667,4.009832624743234,0.7192048119097803
357,0.2222238481079465,7.551354258474247,3.9640190951473535,0.6821796034469858
358,0.0949188883031348,6.6661409451568145,4.032549358488488,0.7235078476848141
359,0.2703139381666163,7.6694789010630595,3.6564517172461,0.6763605518487333
360,0.2010054189337272,7.601071046864046,3.935312504339148,0.697546441737088
361,0.24169588094962094,8.490644096050149,3.9226339768952276,0.737209654415022
362,0.2773165863663401,5.5151606551975325,3.4210791469305337,0.8012373299037622
363,0.2710207574217557,8.72446814325252,3.8180010118191543,0.6842385127866548
364,0.08602515016661104,6.297460358450809,3.7142653113345165,0.5564936350850107
365,0.09020333554777615,8.248154793565657,4.787315242121435,0.6544744956148616
366,0.15662700701181775,8.341131783828143,4.109964844612029,0.7043006442000227
367,0.17959084807474773,8.31427026691507,4.03939917286064,0.6676220295701594
368,0.18278566689738415,7.854147989116562,4.261971743221604,0.6252593837971083
369,0.1269512681271287,6.2245899735501675,3.3446653097984926,0.8117729077640345
370,0.22677652739333318,8.954794120941118,3.7901214306477904,0.6584124760606082
371,0.1385784521102549,8.01631125528991,4.319401778522333,0.6161046043759186
372,0.3587973558027815,6.900429806519912,3.1426936069515405,0.7376703833310148
373,0.24706608957788612,7.03997198335636,3.5832344372837808,0.7357992271728514
374,0.08187199291669327,5.768967134468299,3.590383881226935,0.694976051466187
375,0.11279092614384996,5.776804335022771,3.4388704607604725,0.8066339947852601
376,0.26727987676071724,7.996322794419135,3.951588693904363,0.7040231658591507
377,0.3339589428015918,8.475033106436733,3.6632709292814822,0.689884804275183
378,0.29877869128525436,8.35078512020077,3.807192658365712,0.6923005594272738
379,0.07549047320586429,4.8587166802842425,3.47723065205252,0.720269110062185
380,0.25486064774307765,9.517129316007404,4.196581593717818,0.6398591771328025
381,0.04878283489473986,6.95755035510489,4.08883785274907,0.615904007768133
382,0.19540763930655589,8.366465042350075,3.8829961671759943,0.6086824428416021
383,0.3718421898277464,8.14534902872477,3.6446566649743923,0.6599100543027577
384,0.24754850458028307,10.15865244986854,4.27584889552503,0.6152844161468629
385,0.10234406145519064,7.166157739180401,4.2008054296364215,0.7160214436938648
386,0.3017916797209714,8.20423571240468,3.671570341946508,0.7260005734991224
387,0.37494032336661287,6.166973654152193,3.137156973924408,0.743642157092061
388,0.07313635098779472,7.685529895452132,3.7820722586385385,0.6832546569243922
389,0.029466886845675538,8.137629019195714,4.596627498011198,0.5384766632688316
390,0.2112559662983005,5.957833399026096,3.6980025580337927,0.7424175925128063
391,0.28391476694236994,7.257623387103932,3.515648259592322,0.7260204538561903
392,0.17553148843502014,8.982935364643726,4.120398327625696,0.6332324116165376
393,0.26190243428951604,6.896940466275443,3.975755979628749,0.7018282001724478
394,0.2276331833037809,6.212563134348465,3.761773312283382,0.7773808239645605
395,0.2173927786328726,6.446534066567117,3.8258529665809964,0.7159699247326405
396,0.13353452476184524,7.852175852911037,4.11987680492682,0.6703527067563867
397,0.22065537743192398,7.140527369244351,3.8284531563954087,0.6816777099448139
398,0.12995117968191885,9.775614570149974,4.198718479303169,0.6970945192485204
399,0.3570443542976958,9.031626301210517,3.872708451016332,0.7300383355633336
400,0.28237981889262187,7.870511180990166,3.7963425334885676,0.6882212421062778
401,0.007282237472853699,4.901658860743359,3.55644464273395,0.7135031184175733
402,0.23981383115195623,7.478079887675047,4.080023044007976,0.7159105783789712
403,0.16091121551832874,6.225520018301857,4.000810953844023,0.6744509730869283
404,0.37371457727363094,8.013817547333865,3.497603352174327,0.7508780508966506
405,0.26385118522848267,5.855817392220518,3.572333242925385,0.8229359435321594
406,0.31393287682695675,7.422842977090418,3.2284256744775512,0.705714986787944
407,0.29673925896596937,6.3980152711260105,3.5533846515978036,0.7505032258415154
408,0.039112676022500625,7.037786728165682,4.023340313483552,0.6005062515458286
409,0.3775871360186489,5.759463400461023,3.217455921402133,0.7837001142728608
410,0.24282773943845312,8.602899126946108,3.529272434215456,0.6401467780365034
411,0.30451700502553647,6.116425799129131,2.7688161708466072,0.7881877053797277
412,0.3737492166704975,5.828455747522412,3.387564718118001,0.7520279910270241
413,0.1609687396467826,6.995898956362292,4.042715360234355,0.660535902932006
414,0.33701273892175804,6.245540907477556,3.358374399702537,0.6783274664919545
415,0.1287019545841203,7.6705623078689165,4.054915575175985,0.6650970209994725
416,0.3114851324556704,5.909484875716922,3.08434316270967,0.7933371030091381
417,0.22854592989690062,8.425775737376798,3.632085803493161,0.7651379427411859
418,0.23022567166061805,7.580416409778491,3.856217874946458,0.7024179168477971
419,0.2910422685174961,8.333900237219815,3.994592330757978,0.6941762267060052
420,0.17568941473936325,9.964422887350578,4.225750242056905,0.66272040448849
421,0.05547165107610115,6.070438009370737,4.104966084888307,0.6583375477472735
422,0.22265973550078813,8.06146561342322,3.946252365952732,0.6796842102478913
423,0.16902511934940986,6.679141353383726,3.3431607402705974,0.7071799489266175
424,0.45482611589397826,8.224600019452716,3.1545255436757036,0.7522617831704222
425,0.14366206446840835,7.314330594298276,3.989012655123806,0.657907069673215
426,0.01888911167723755,6.355183418530492,4.569386482524928,0.6136466077409448
427,0.16138910580342605,7.497034873738843,3.838461624082244,0.6652847727336443
428,0.1713151323183536,6.8380153009188795,4.227820979843301,0.6888470063766949
429,0.4062204708756386,6.458412816503669,3.0273162968995377,0.7667019626832267
430,0.05411597484087505,7.0618342101698,4.31971115191929,0.6193925770831752
431,0.2713558680481229,8.489849859265941,3.9809104367695003,0.7318542209730443
432,0.2689229592200452,8.804362236497754,3.708124073814076,0.6644469260938733
433,0.5510357777243486,7.665638737497993,2.462712986713653,0.7482622533471298
434,0.2784458894602562,7.42356627016355,3.7953044327794796,0.6720649236606636
435,0.14384632685697413,4.641095951092727,3.3235838312444344,0.7083245799307663
436,0.23137777598743978,7.528299076520838,3.683336771693082,0.7380015222564493
437,0.10828189290572801,6.432248137740185,4.227223090255956,0.6548335352289668
438,0.30246462914471767,7.192888262489763,3.638358688365845,0.7412814259345799
439,0.3260871288858775,8.681417765846879,3.6523850043644095,0.7425805889441126
440,0.18237033253916182,6.3855396059849125,3.601772385329985,0.6130438324346479
441,0.2274917885456667,7.59367319031892,3.756626734076222,0.6779364928054727
442,0.15388455648729069,7.064909550903999,3.8369368008390397,0.6898586456761187
443,0.24748452797552967,6.818837024725127,3.857138657160981,0.7833378727970992
444,0.2537813139728959,9.958006017316915,3.9286339922222746,0.6629671803096127
445,0.11912833300131422,4.72038499386385,3.752217652736009,0.6491274700981464
446,0.10770063603252995,8.943000062799292,4.082461751757703,0.5853771491308032
447,0.14952065815480808,8.200012144317556,3.885567044742628,0.6314736225978778
448,0.26155886598742684,8.769271667880664,3.7394484072195757,0.7123715831452065
449,0.1702047448732426,8.85657420515475,4.237280458829796,0.5956832082687307
450,0.38893959014789786,7.856080956576425,3.231828802083687,0.7376710768391038
451,0.18652343072149294,7.918771407545509,3.7384322584967955,0.6700171702366156
452,0.31974769335151804,6.887857454818241,3.5842520728330998,0.7451589066975406
453,0.13754777644051755,7.728518193327566,4.240941704022328,0.6440237748036037
454,0.11212353183480232,6.551182801137331,3.8719335132394823,0.6894381823701966
455,0.3155613229211561,8.285625104836798,3.52330583453183,0.7410071669135283
456,0.23976298609443064,5.753789781701632,3.9972721545984298,0.6953877392768845
457,0.17030231047660965,8.652858743673525,4.515387551688624,0.627282830236045
458,0.06893033729990818,6.885602152828242,3.7718862278163443,0.7247720706521423
459,0.390365546124012,8.999178961802158,3.5295129833652776,0.7435436562145893
460,0.2757071984773595,7.263002338749839,3.5831749683375222,0.7020267307554479
461,0.09827826927857401,5.793105500165591,3.843930592119094,0.761787027262014
462,0.32202419956847494,8.995666664908404,4.006147909897212,0.6772385931023288
463,0.29474190056455124,6.199735156895031,3.219528987372223,0.7902803259099017
464,0.37895652072899083,8.394019502148387,3.8340311581564013,0.6996857788011214
465,0.025951483051961627,8.474053730029315,4.18640406348758,0.5947308814276459
466,0.2569852090319135,6.275149120938542,3.9706435394383637,0.7270081098909824
467,0.27050861445596797,5.628084289379978,3.21036857317426,0.7748283466294036
468,0.10906901673800523,8.857696194684326,3.843549660676009,0.7003066308891935
469,0.422311581282879,7.579550090100507,3.4976858488725036,0.7691584482647984
470,0.25088753885596987,6.36710786297405,3.4657557331116036,0.744980760785059
471,0.3108682165608652,8.296871554988156,3.6749959637258263,0.7172210410447978
472,0.15509224730099486,5.838475593202866,3.269281709007691,0.7999140715624045
473,0.3442957861110761,7.478657971720694,3.688736312276453,0.7535781609513185
474,0.09821807066962604,5.08283245009402,4.011284919870396,0.712997718847405
475,0.24055625921242044,5.7729304360618245,3.422920787283632,0.7699102286249294
476,0.2125343691814148,7.600050077729792,3.0673488937383855,0.6196458026063346
477,0.11574321515222125,7.049927162630105,3.6096536525477485,0.575594641460484
478,0.28857517325714754,5.343629498460238,3.3139709366101373,0.7532452281684802
479,0.28124610336701483,8.546444838467673,3.7105032126041455,0.6324942424845867
480,0.26931652275847817,8.532908733225595,3.8597456982548124,0.5884789505906842
481,0.24159712302566208,6.164329125154182,3.11331447340917,0.8228522559515365
482,0.21801969793114812,9.747372382196199,4.1630585809238925,0.632437299027508
483,0.19110506913037578,10.20910626445373,3.5498806714862807,0.5964602109025784
484,0.30997618935088744,5.84909190380921,3.476730105464361,0.7730642303563547
485,0.22050147959240646,7.8547809066068295,4.101858759891658,0.7071104902389838
486,0.28146363182933576,6.252688721344311,3.9956026093708825,0.6629812093380568
487,0.21213891340677993,6.817128920665625,3.6112886132505544,0.6835290575776677
488,0.3782893843981267,7.340051987440545,2.871149658397488,0.7691164165066755
489,0.19818418569429463,4.731142410473762,3.3246730006754674,0.7208645386032232
490,0.31465558011393496,6.090731950772874,3.2115518924196333,0.7501423979759274
491,0.04105852988065516,6.316756600841046,3.9977919554497805,0.6507191968541516
492,0.3813538496536442,6.29084044498974,3.3307555016799486,0.7991286128474896
493,0.155382976107655,8.14923904230022,4.002984219520406,0.6284665615328437
494,0.29958542356785495,7.119415177516562,3.7915473045670454,0.7558199445058992
495,0.15584323078353113,8.078646029034289,4.348963602113177,0.6254543353690767
496,0.33293351253066344,7.055557194995267,3.5571220648406996,0.7924916140507635
497,0.2891012540835975,7.134600792696261,3.3346587984328004,0.7497754159037723
498,0.2836097237998043,6.888663509496917,3.67232756305518,0.7064246410344465
499,0.20439343821330228,7.346841455847032,3.7183667005243777,0.735424519255015
500,0.2336741546774071,6.29811432581961,3.6013971296230474,0.7152835761235101
501,0.26159832566262575,7.053580696346928,3.5679919972309886,0.7793324972603134
502,0.34350141292065345,7.376725732932722,3.7206741356443542,0.7699803068446018
503,0.29220021275454683,7.8814119541757615,3.7277594000565752,0.7665091103814987
504,0.26494717584021216,6.892049870426932,3.4310502869525155,0.7764201800889411
505,0.020155807154011288,7.724358325580941,4.460675268988501,0.6058810779623209
506,0.2468495507901262,8.546645675065502,3.9483136424863456,0.7371688684607621
507,0.07111562784973274,6.522282471086774,3.7400978156131988,0.6451711995177813
508,0.24969085533904742,7.753795526303063,3.652055111247571,0.6517200761688092
509,0.1506089293655898,7.713543795706229,4.355570994479144,0.6904615924630833
510,0.14573031275214862,7.293584220110334,3.4867082551448445,0.737659359683653
511,0.16279362518492416,7.633007206263721,4.198064411659043,0.6659782017920101
512,0.09253483661791688,8.395088179372186,4.379300243038238,0.6393686518573627
513,0.24894678993378105,7.997632004680327,3.7725106690981387,0.8134933220703094
514,0.1814257195102096,7.331248372289213,3.715098817160617,0.6635745548490227
515,0.27142885562905633,7.950631532138971,3.696782936174735,0.776701859250695
516,0.2952363277601004,7.37993954791424,3.536069790323935,0.7355812278224934
517,0.2485978884556414,7.822837532245305,3.8944162289248268,0.7621519555406703
518,0.32691026673141477,7.923540264752513,3.699779070000872,0.7499818503104752
519,0.12089996467668512,5.9040811915076565,3.2018119199431685,0.7536216703635762
520,0.19667217450435384,7.298333717489575,4.048821371878156,0.6336644460003549
521,0.0139253515949847,6.684559399813011,4.43522210289015,0.6699404253259197
522,0.16509506406219435,8.45857741863822,4.4041209103771894,0.6712992997875226
523,0.3114660707844605,6.843802184969797,3.656423793705793,0.7399839551535157
524,0.3331708168671071,5.5222099855627516,3.1146752489898186,0.7882687840708696
525,0.15829491366181975,8.349593880782885,4.058998127535884,0.5880635504352204
526,0.16615332179505954,9.831650855710809,4.131187519628761,0.7211324414639461
527,0.17847318957371647,5.085825467318168,3.8764983731313705,0.7264399672774453
528,0.2352050838110207,7.417842987023374,3.8257656260450275,0.7765635192506947
529,0.1790865102609861,7.021429318015623,4.2380139787766025,0.6756675803833628
530,0.163141449332515,5.935914539726952,3.553398643301962,0.6866431456798061
531,0.30689263529344846,6.339138145312685,3.5265713470042908,0.7739978031583122
532,0.11376742613648418,9.11176240562264,4.674494628355679,0.6347413072860874
533,0.18642167244095442,7.099700974483013,3.5932970482695272,0.7301902341896231
534,0.14513026502937795,5.682307449202867,3.819459048303486,0.7511045544137971
535,0.18263730253786378,5.641245342552545,4.041579199653262,0.6742149393577777
536,0.09818286228792872,8.646371609054405,4.606666819382788,0.6274581337176675
537,0.2009998838409237,7.2620650642459745,3.974214252656565,0.6978625295123537
538,0.09389723169672007,6.37531823112697,3.8061411196584656,0.6648247491723336
539,0.2935099330409868,10.267356086567226,3.793144673330628,0.7146459424916539
540,0.45602359100990714,8.432319239589432,3.322585249224348,0.7570871470567633
541,0.06561178327745111,8.655955482303618,4.263720648479926,0.667376604378261
542,0.1416913425642917,7.0233997888542685,3.6730147548563887,0.666346277732358
543,0.1441396699343813,6.748221697714681,3.7529972227239807,0.6259871336990966
544,0.18430855929018142,8.962373193126014,4.061873860938578,0.6489673586099701
545,0.2816195904500358,6.273111298116019,3.123004453363051,0.728916733951146
546,0.11227169327531233,6.707937446893613,4.164951309602892,0.6862436597429236
547,0.042720767906442345,9.744829005278397,4.2390124053491816,0.5864369596384104
548,0.058403291970150456,6.648579663349108,4.423313862180683,0.6127765353016238
549,0.25210974860220486,4.86980853957084,3.1177621987166706,0.762931283921
550,0.233640286953062,6.682721203272246,3.3811454222148045,0.7451616746594774
551,0.3132447979961738,7.027494868876617,3.649851688609334,0.7051369456382186
552,0.1898803725800745,5.588377468952226,3.7443640299066194,0.6884150750816632
553,0.24896676576472065,7.054447493248934,3.837893421185078,0.7270826537124128
554,0.12213858277261355,5.505003535173038,3.463883813424426,0.7804526186675469
555,0.11450361548456722,8.411390652879067,3.9462500741518487,0.713289976970059
556,0.16206366421727506,6.320535489344089,3.7004081142531593,0.7970356529735761
557,0.37306256092630224,6.522599225225305,2.9275839153405303,0.8205544484516976
558,0.0862363206111893,8.883752368709116,4.653501712401677,0.6627276014481971
559,0.25904107110870334,7.083058432258206,3.8307470838249724,0.7587163419807833
560,0.025746700782468546,6.441916486395846,4.454783907158407,0.6847677515955372
561,0.24713850490963238,6.082366326139793,3.317854148700257,0.7679236019692405
562,0.17071705423642053,8.397903075975654,3.7935493188920586,0.6950643818861703
563,0.036133072079101346,9.002618066911783,4.142745569121891,0.6098674952776708
564,0.41105172046300026,9.583267492913608,3.2578052415750154,0.7903760812216031
565,0.2641105389774362,8.88530422677461,4.1001993071139164,0.664639246806623
566,0.15711929595994034,4.599983321431384,3.7443961917863926,0.7601179573528315
567,0.007169993077103776,8.563018356353693,4.431111531317491,0.6475147546671759
568,0.2656188977702551,8.156516153415605,3.977476576158222,0.6851979502583522
569,0.20873974301432505,7.74056032115644,3.901678187825091,0.7088120696654175
570,0.17119551315727338,7.962348147329556,4.1347119196140865,0.7136692990819535
571,0.1351162891240957,5.181706759918263,3.274915651630501,0.7725900655166307
572,0.18865118773166495,7.552334039594921,4.129818341058348,0.6688795502648108
573,0.17720428471937213,7.197816948445819,4.2501224332904615,0.6423522290691606
574,0.18666912417373124,6.63729996438465,3.9125401427929543,0.6796412313921765
575,0.07762030502996606,7.956944346998329,4.0998322048505695,0.6777852021178434
576,0.10991531505272051,8.083012052452753,4.43216451009922,0.6630385048010881
577,0.39680732981758365,7.835189833189896,3.722258913488916,0.7269781847673639
578,0.3164595702193924,6.452948978887433,3.0769065301793472,0.7909663137395339
579,0.04787351277478567,7.468833267310637,4.523765159651538,0.654790489139459
580,0.2192810902607639,8.617291538796545,3.850345379473804,0.6554814048235996
581,0.3346464391106811,8.23774015022403,3.777499864264504,0.6769408815754046
582,0.3101954647190742,5.802192446100994,3.2858762611480894,0.7206522668165235
583,0.27180952704586847,8.286812316379837,3.795559212856208,0.6248952330493733
584,0.10734253037365098,7.996332830352156,4.352273838758783,0.5995970972623674
585,0.2957592225498697,6.7876761384362485,3.4169355393741103,0.7970514160532419
586,0.03097129561855738,6.993657737194942,4.209853122238787,0.6811096302532422
587,0.0347161644202252,6.495242369163125,4.4364938323308545,0.6278961605029655
588,0.3301767814548542,7.799512081653852,3.9523447518837944,0.7660788748589415
589,0.06003255736818151,6.530900078613664,4.096765614502716,0.6734673256031161
590,0.24016126918321856,7.625546773263768,3.3182129001735556,0.7249094598348819
591,0.27572522846825265,6.540774502535787,3.57797409802327,0.6629704599257422
592,0.16012778272233671,7.821132719644081,4.10534684897889,0.6712871964417427
593,0.20934394693304093,7.065270100850454,3.5868184214251486,0.7106663851357216
594,0.21360037900099102,5.393514858066767,3.3514799163714635,0.7724597725351213
595,0.13091257983583043,5.926820700130892,3.549705247198744,0.7156579668960509
596,0.15282921783818734,6.918601602353424,4.287956895904937,0.6213898767724335
597,0.15470639255587987,5.970517689987369,4.063748908488697,0.7239718555278262
598,0.1839603078279481,6.184720787772907,4.000245974796668,0.7264297799687326
599,-0.0027497010520341897,7.330869110852052,4.340801483692909,0.5965340065110958
600,0.38408496736668235,9.118563658487309,3.4939260839886517,0.6911436187152069
601,0.2143041842725979,8.389998386954069,3.7458328418492384,0.6997465787822511
602,0.2818117469547897,7.547746861434559,3.7069419591473514,0.7421397990365036
603,0.32208109813397956,9.6150246896833,3.6974955438947283,0.6896076505298733
604,0.358755082992541,7.767429312948728,3.396954356982063,0.7484439139387565
605,0.26886836352099447,7.5987009006390895,3.946192486146695,0.7436050816961244
606,0.3220678393694981,6.35620484139235,3.344927680435015,0.7903001027544699
607,0.04510109428022602,6.438270167618646,4.48894817792098,0.6181652965477884
608,0.2647874192595321,5.799968530147416,3.569146842484937,0.754002245093268
609,0.23390696239743047,5.650034296504118,3.2717843735432797,0.7674089963925442
610,0.2621928143260823,6.3963651818733425,3.603663883098294,0.723445718597825
611,0.16715678413742557,8.967402121154505,4.181829399555053,0.6536343186448771
612,0.05220608346747663,7.6951007972655505,4.513996791011616,0.591296742701342
613,0.3326568275071068,7.1178408387600935,2.6536300693155916,0.7529922730212092
614,0.3114718565428656,8.921154287958736,3.878644046988641,0.6874382698624623
615,0.23294061919673978,7.816740715606462,3.890615207388194,0.7366986298802278
616,0.13473423434882476,7.059187566549803,3.9822565475593947,0.7005203060063885
617,0.20254733322567053,6.647886944670394,3.613438752601443,0.7906720183854029
618,0.21210080739185322,8.197589878952648,3.9265910105207467,0.6947433645737457
619,0.33230839885843366,6.818039660515555,3.317566859692279,0.6794598166764727
620,0.193415642334671,4.932675478432821,3.5212495014466736,0.7591612276772657
621,0.26070883932584166,8.410420684072509,3.9266147748252433,0.7104300748873559
622,0.03181572009619097,7.513513558843739,3.9297119004553505,0.6347742819498641
623,0.14626493900626075,4.828004227031983,3.374561147532478,0.7968708434670307
624,0.12395881570895652,7.488516669782388,4.189633981590479,0.6563182746408668
625,0.12165835229502057,5.459546156256158,3.628406788672981,0.7522875854959902
626,0.1495638649369905,9.006622536893168,4.199136094824791,0.592903213448796
627,0.24516150315471402,7.540365647067262,3.6964421576927076,0.72697563719138
628,0.0129248037413197,7.757561762531549,4.26610562108333,0.6264341684613647
629,0.10555782882913445,6.025347608043324,4.175918832954903,0.6383855462941493
630,0.1979773497799243,5.788361439751518,3.677623979848631,0.7874275755988588
631,0.14210739376835457,6.445681829475707,3.885362940933561,0.6420926041483193
632,0.106314584089056,7.997920181471956,4.39486221951085,0.7038359930508165
633,0.14306886658666199,8.781367333547582,4.435930989803722,0.6195362342790486
634,0.30955247481159576,6.659294987577922,3.745014225280731,0.6883665714017032
635,0.14899321160083415,5.970575276400293,3.453344332477238,0.677688671504917
636,0.14646117956918706,7.573787621711227,4.1972918366054435,0.653169017367109
637,0.28846247852291435,6.245969870415394,3.676872732763681,0.785756104650339
638,0.3609219347614841,6.645522814306,2.8501611682548793,0.8140912776597244
639,0.15225365614718375,8.556837544393357,3.782685854540831,0.6211268755154609
640,0.1010330429934986,7.005751611109967,4.1998885153260535,0.6488452347641614
641,-0.00688124113671925,5.305631984747385,3.848666636808435,0.5673024590141295
642,0.4102023144215989,7.832248687078655,3.190753027437644,0.7291854502420162
643,0.19779782769750895,6.982685235775397,4.155039336278582,0.6622140161073825
644,0.12391074104344113,6.794885392957708,4.187185557706565,0.6538868877604171
645,0.4288635467760296,8.61647385115851,3.71369762628561,0.7320823361168587
646,0.2034222991574674,8.136679733998303,3.932889126737271,0.6882362951150129
647,0.1459496626591209,8.600324925430945,4.171273211983097,0.6664109704520446
648,0.17923617024566216,5.937758593432104,2.932404405043039,0.6987611431960448
649,0.11091370398691466,6.728860985135767,3.759760525404417,0.755655521517138
650,0.2814381360026638,6.676924529347648,4.037231232017766,0.6699177496934207
651,0.20950175990374217,6.66232897087452,3.6672747764005584,0.7093190631589267
652,0.29967309930883607,7.397092424466493,3.543230185497497,0.7112340137428265
653,0.32309061192960786,8.83791558961443,3.0229664984974414,0.6498959707017675
654,0.34332023753468277,9.505054625761348,3.490472466863242,0.7080799713927908
655,0.3997715716183923,8.19330627769971,3.0387272591428642,0.7802709385468415
656,0.36457400406023244,9.581144109558,3.626355190399731,0.748923878747371
657,0.226428195801718,8.133589557903743,4.426889856457643,0.6257158101185502
658,0.19470478424190554,7.668236744882486,3.5301815644876218,0.7880125840351108
659,0.0601013876678167,6.922074846547573,3.908549383434214,0.5859150119038145
660,0.19769433798829433,6.554655869284982,3.9947040800895515,0.7158226197820985
661,0.13579379211220005,4.671562611644098,3.553944996740484,0.7401107803535364
662,0.32067485719510525,7.137460340718799,3.5462091424740327,0.759169715351055
663,0.06711393930233335,6.010799680077711,3.75877256439513,0.7210619149621285
664,0.3295708262326815,4.398628493513801,3.3038916476268185,0.7707321206940363
665,0.36048118956351466,6.579422678202914,3.62134489212985,0.7034490889683582
666,0.31668079653883835,7.758546391276981,3.412880358011116,0.7662947687353199
667,0.2833399308022009,6.779169876129083,3.7176311909600903,0.7136133837714153
668,0.180545950255202,6.529116547842796,3.631505638694378,0.6946857979736828
669,0.1655143151039212,7.0581834983474305,3.9874696950958453,0.7022838939657817
670,0.31680452062809983,5.865902238773456,3.3047416485696144,0.7886371891327298
671,0.2638646505359345,6.2572505356837675,3.74025688072177,0.6994522494847322
672,0.18268608599871447,5.7598508222303115,3.86492626175446,0.7067756048293873
673,0.20723572066651857,7.72424519865345,3.7986694263642233,0.6287546358259849
674,0.1455418246991892,5.698789557276858,3.017230695286606,0.7341354575402189
675,0.26045686116964106,5.859767986765999,3.337143001051422,0.7556528308325073
676,0.13556768058789492,7.70520958414468,4.067551172099046,0.7220429002578665
677,0.4364316911668567,8.444886414486788,3.2761809966847895,0.753520119851725
678,0.26045049064937464,8.231893172739284,3.6940114033048386,0.6774922952878248
679,0.2993000516856316,8.448700160601685,3.8668034871484727,0.703815017630204
680,0.350214797429203,5.670643906080874,3.0988531092105878,0.7389223522148495
681,0.18659627691512146,6.974647125377108,3.7519647853704208,0.7575750890493131
682,0.13582197847785496,8.308828518904736,4.509511357310853,0.6727652637891873
683,0.27940562135814845,5.363115262332088,3.2613976081083997,0.7949593060950422
684,0.16607322218130863,6.503735208231739,3.954578693270144,0.7022143195503552
685,0.07956135499471353,8.86676170089141,4.443240439291713,0.638764238000541
686,0.22667248333200377,6.537522420629405,3.282298792767666,0.6974035701974934
687,0.337335233897786,8.53559112425804,3.9671028916696724,0.6978468005133597
688,0.22158961903537855,7.968074157969974,3.877728042728922,0.684442044111652
689,0.2528644017278745,5.598823100459717,3.2806058891787075,0.7943305034775947
690,0.19065633520054479,8.371191873967684,4.03744741239775,0.7112228344826445
691,0.3744716219868051,7.070753112013887,3.0927777554425693,0.7879532474261425
692,0.1986579899431132,8.983497429782666,4.099693609841219,0.6685228840963922
693,0.15182832083185552,11.626955490532463,4.275667410679591,0.5364537399053598
694,0.3461580421715212,7.0921539801877795,3.2099642599147225,0.7871472981743374
695,0.2872284112341928,8.293833311535554,3.781539691482923,0.6197973102081129
696,0.48995950234030766,7.6819326588191235,2.8445031496150963,0.7813501588932164
697,0.14757994795141968,7.790489175031693,3.9178227075904726,0.6972934020230174
698,0.44531458963496273,8.758514616598854,3.404219051172424,0.7292397891629705
699,0.23377240646856018,8.469291343674216,3.936786194146976,0.6223560610407826
700,0.06931841553596974,7.035451057526369,4.20897279500906,0.628257078093699
701,0.22744342501998518,7.023161992556682,3.919221646859164,0.7062290013515402
702,0.3911616275606533,8.781503886994427,3.5099661353655356,0.674092153168055
703,0.2223507782609608,8.96024489130895,4.096478545735422,0.6051757669199154
704,0.3820309891235294,6.431820075684881,2.8590405854433922,0.7854268437382612
705,0.06097500176858845,7.701682991205203,4.333977775660591,0.582723069446649
706,0.10479553809715814,6.801832437211828,4.184570881702714,0.6252980603798354
707,0.3903211835675922,9.567493896762846,3.245818068312387,0.7780754282151254
708,0.34301709190768276,6.860008979832835,3.5228172356691068,0.7942279049469833
709,0.2689557342629895,7.163083807279153,3.4785483001807074,0.7268094481595064
710,0.05855516863265314,6.508634524137772,3.782381530279936,0.6676395613487761
711,0.2034954705894364,6.339645247166443,3.6101942356877883,0.7320342962255737
712,0.24204625027315368,8.060133963071475,3.75896786521619,0.7095925658487836
713,0.17046681084789495,6.786278105848786,4.27092053455737,0.6867189891998118
714,0.17781922309449827,6.3064108499232026,3.5506397321176446,0.7413406409642426
715,0.23972041197557023,9.710703796464598,4.147978214474446,0.7376300255219423
716,0.32016255860973447,6.887547620513882,3.361966689260805,0.7689031534069252
717,0.07732279397950624,7.265270297822328,4.269492882683974,0.6355870380587197
718,0.17468498392898185,6.315779481840849,3.39102999897327,0.7377211162840498
719,0.14463769156462822,8.882805347057669,4.052269527334598,0.6637108973408209
720,0.37768119831168273,7.086215608544,3.8521903229966807,0.744958535527091
721,0.3583249104878647,7.659907638997498,3.219915170833415,0.7747381534649989
722,0.25499295992839877,6.226055335596672,3.4906184816261208,0.7108503788163638
723,0.2610453155915479,6.0802348381026885,3.5958820846482693,0.7619036890272627
724,0.2171166175926539,7.3919871989119885,3.98807980339288,0.7158926819329774
725,0.3473512158614868,5.663761774437666,2.9913551709626,0.786295650985747
726,0.05932505088055926,6.983285666046176,4.210769697238039,0.6994748253273072
727,0.24251435361787638,8.673209918417044,4.06335311566511,0.6895156447196846
728,0.089757909107223,6.949447285275687,4.030994785096846,0.6877039209696697
729,0.15499181404744716,6.449062314944968,4.226031323223812,0.6806493819081937
730,0.39633983038930587,9.340918035118703,3.5454384675030224,0.7107040894665727
731,0.08446462577333827,7.823940485847261,3.839374181750046,0.5894307850982207
732,0.23462922429796867,6.759932006361667,4.0020954307870085,0.7103765990022921
733,0.33541365935852435,6.742074580140402,3.1429104063090945,0.7946813155446897
734,0.22868695525249014,7.230042074956224,3.9127256157933625,0.7333047969615636
735,0.24780139924989528,6.317092892409329,3.5721416470053775,0.7110248334521571
736,0.26422605966757395,6.01788107045023,3.348057424848279,0.7234843124874724
737,0.16396119183587707,6.754831580741545,4.119918561063404,0.707788678802932
738,0.02412730627542118,8.970413760820666,4.26167857509455,0.5558497052962073
739,0.24900169291252655,5.042741797528584,3.0781710111284086,0.8476528240915369
740,0.3851357109492126,8.249204606486195,3.612282043641492,0.7057130031617533
741,0.26066699563367446,7.283797760880354,3.890298932487887,0.7023310430294011
742,0.22759202151012284,9.015063814208604,4.0481329501152965,0.6755144129323551
743,0.0605917055768602,7.518706339971666,4.185965130757681,0.6649969739221119
744,0.1643146433925518,7.988853820017706,3.802603326564707,0.6571832119508609
745,0.4683488941752239,7.09305674431315,2.516290030341221,0.8343245036271124
746,0.16034767616948703,8.624024612586657,4.430111529129547,0.6371799997171192
747,0.1270692432128646,6.612540452811466,3.540735878654113,0.7969201004324046
748,0.091016363623011,5.446286723643477,3.86927045835948,0.6986423383621407
749,0.07230581589509759,7.443474323542521,4.374469902921734,0.6642767242646914
750,0.13402315571725823,7.998205322078895,4.114869958038453,0.6629637951309739
751,0.10136185817500079,7.2521722089722855,4.398557830597182,0.7486098236063206
752,0.11537523702114247,6.37669458092599,3.571921866963644,0.7539050936906189
753,0.149601104139515,6.142733204564274,3.6870220095052795,0.7223418667992677
754,0.14824162260352508,7.5406845292614175,4.251279108902507,0.7147122578250894
755,0.10599689804288893,5.407069749629224,3.8890877535872637,0.7282201831495316
756,0.30153745713589064,6.431069289692213,3.3146481159099817,0.735904973133851
757,0.32704433528220217,6.700119980588405,3.392187710474757,0.7741883456786041
758,0.47678432226422973,8.214659244485265,2.994949771272226,0.7974027803962221
759,0.212604627135058,9.932759134940335,4.388003668378853,0.6425252503361082
760,0.2149017796321476,7.2048195389305425,3.5192403625583717,0.7527206760363944
761,0.060209894931853476,7.217727449769376,4.272311700586245,0.6450204671979264
762,0.05436261904210905,8.205362765985948,4.166887344032717,0.6422097074017762
763,0.18191064993147746,4.9344630423339595,3.3838028383800682,0.780121577926496
764,0.3194618575610448,4.419704971251789,2.8195868541211344,0.8022911628927406
765,0.02450402329157924,8.39201273939171,3.9427209833732566,0.6187021262783022
766,0.18454864455615672,10.262344671057821,4.034399925943015,0.6471882426483727
767,0.348887564257936,6.97753549141505,3.5138702053732875,0.7625128764568601
768,0.11243985335354018,6.652926646966154,4.199955354962741,0.6325254381233553
769,0.26226113694641445,8.880832461210094,3.8900558883534138,0.6629744201326917
770,0.1568813583132252,7.670891305226508,3.9107182385201495,0.5830361857101052
771,0.2736655175245639,7.937600834468405,3.4386846180141957,0.6769720450609716
772,0.31284131026834244,9.195481206697785,3.5393373354520508,0.6846283548137385
773,0.32881369909256636,6.569131502199931,3.6537532735452607,0.7420469036611363
774,0.052165669545505076,6.271018773636425,3.9418545489274797,0.589675497866686
775,0.10900666708491381,7.289742692133006,3.5814488981580537,0.5996570589790393
776,0.07106805754455747,6.600550512436906,4.227344310522231,0.6330520306605898
777,0.20132653895840927,7.690596681481175,3.744714312189013,0.6845807229872358
778,0.2248667213236977,7.7451475531525045,4.112232100060927,0.6428237913883217
779,0.1838126951989976,8.832753838741016,3.8039114459894954,0.6991763547909023
780,0.23001299764193772,9.377809625414795,3.8411315932203394,0.6407526948234868
781,0.30004593730945694,8.094800182024528,3.357686322993607,0.6884461703479632
782,0.24460399840543,6.141302732369998,3.905893081673438,0.6988752123147958
783,0.04340890062646812,6.09706436450486,4.017924264729736,0.652422776157081
784,0.19815572376940357,8.584144116595063,4.102721234484809,0.7005147985137322
785,0.139937593169421,7.519087996843228,3.9538110753877382,0.6771146086362139
786,0.14806353119220678,5.654280703605176,3.9473193437707033,0.7211475923284214
787,0.27704812943190155,5.364235775925049,2.9711587968894952,0.8257169134866401
788,0.12864020408799035,8.273565959941612,3.940351083784778,0.5834057951955711
789,0.12076465457134608,5.7330193285837305,3.3258293907411276,0.6626683571522896
790,0.12497799693685953,6.524500382999022,3.7032129555412974,0.6954781565897644
791,0.06660377444457936,7.2527057791481795,4.287255532229529,0.6800034291939302
792,0.016254055254823273,6.008004907702918,4.2331459480604465,0.6200444243738129
793,0.4108773970496934,7.7191564880255035,2.922133375681085,0.7553322395117438
794,0.3413521486113287,7.6235933643811675,3.309161368823437,0.7562225022913687
795,0.18916839518563064,8.519640309791866,4.2445456189254545,0.6617891739538416
796,0.08407696845660674,5.548684785832626,3.536841716534536,0.7030523261756411
797,0.2886422846658521,10.339940309637957,3.7750637462072185,0.7061862187106982
798,0.2589388967954439,7.312214552897845,3.721438042330223,0.6460088195643399
799,0.19245195857635292,6.57833669428862,3.8107847930847596,0.6435198872699823
800,0.29032960033779404,6.962948787330022,3.633918767781782,0.7127794482724348
801,0.2389148218728423,5.807975383678828,3.886611573879611,0.7122670491426002
802,-0.021897418174280602,5.215250562543102,4.0754018781355885,0.6356416829635276
803,0.3001425086618427,8.464995056654013,3.8953695820023726,0.7081389204101279
804,0.09579581839068507,7.787322680370169,4.102253303984028,0.6868672789970499
805,-0.0011116387359807677,6.3070649276092245,4.303091108804909,0.5876175626104769
806,0.4201950267769843,6.932290914213073,3.218170927836901,0.7656102012576772
807,0.2899770960102523,7.173414414388303,3.775358256706679,0.6592309808246338
808,0.25773697778312155,9.714088252265258,4.042110875066051,0.6612995950919978
809,0.1590871162067723,8.79609251874712,4.282724639780076,0.5571684678525092
810,0.30149718554259436,8.721175523403929,3.985095046398499,0.6563342202765922
811,0.4096574007474499,9.124179434038656,3.304306274451299,0.7253292927972131
812,0.40291778028639075,7.198507035749278,3.501519899570616,0.7877949084620418
813,0.11791657843441591,7.383038804028282,4.330992381802095,0.6415979241548709
814,0.07425335826546348,7.948827123832229,4.5448252910736935,0.6920208669242537
815,0.378382292211207,7.936671987874551,3.7060910198798416,0.7098044300799412
816,0.021209175264937076,6.845142284333684,4.557606514694324,0.6000244649493931
817,0.42616346141740613,8.126664341618794,3.373255687096687,0.7629797186638266
818,0.1570656172973245,8.518342810523285,4.188687640717095,0.6869314760168408
819,0.1567526736845468,6.923380149300522,4.107532425278227,0.652252646245001
820,0.13813952765969614,8.209569749498577,4.489674880505944,0.7034171064647584
821,0.3232030629516563,7.936233824554114,3.826398661498183,0.7513523395230005
822,0.11437800996394192,7.103297723165012,4.107585500147838,0.6426811378193243
823,0.2754219711589383,8.666390151546647,4.134699147950483,0.692993108161516
824,0.2096722875778516,6.619081960859769,3.791529555067909,0.7855415726093224
825,0.2785467603882148,8.184730173246972,4.169891666825798,0.7184123212795874
826,0.2821460750693324,7.4965428802774365,3.549725643348045,0.7371319571892333
827,0.23835534016198323,5.830771344949927,3.648923514045092,0.7105529884921239
828,0.13914635738139736,7.4281633727952245,3.6290375766335163,0.5126124710206571
829,0.20759717607451064,6.765670221519438,3.7753320343002206,0.7691834617225799
830,0.17680942276263728,6.403404487061239,3.7204433555907857,0.7424777645247504
831,0.18487534995018073,8.881254803420104,4.2238562721718145,0.6288124258454239
832,0.12422292668166054,7.611572603116837,3.9671788480678263,0.6557152202470343
833,0.1890289761102649,7.330687903165248,3.9845846841890844,0.7320487908332179
834,0.0891797107278256,8.673925423483798,4.392603767857952,0.6193097905392816
835,0.44755957073373226,8.582679414442824,2.7798531325100626,0.760236857580586
836,0.023508239520293923,7.059413334498348,4.55892212931076,0.6809041508873622
837,0.1864456451326713,6.036379883874206,3.670566015485891,0.7042155676363039
838,0.10179370335030254,5.861110042933262,3.797598429441034,0.7052522508619313
839,0.24531251489396758,10.661591549451547,4.382509402997816,0.6374645514037556
840,0.22858179152134622,7.20693166090244,4.095293603241022,0.6627458936282311
841,0.12200860566817077,8.38071041181577,4.594305300356729,0.6292520616377484
842,0.18247331426959265,9.025486735587416,4.279750828057419,0.6451163046981415
843,0.47771582284087605,9.236714905772107,2.8529146351158547,0.7507150018678067
844,0.22732549247190853,8.405304301461198,4.421008963972122,0.6424263328435478
845,0.13830572261823187,7.624436462076248,4.054226409884759,0.6371552978891578
846,0.21900427126557037,6.57173375481698,3.677871743003898,0.7589497734801836
847,0.23776974092816788,7.1210025739765905,3.4568640080958724,0.7076871967787718
848,0.2331592681936371,6.471620613590708,3.9721038850107764,0.6982525216431867
849,0.4462580772876896,9.762232080325909,3.366879649493703,0.7047787845955515
850,0.3319534869340879,6.499324670438148,3.0478948807758828,0.7684189524175811
851,0.3392738798340495,7.586065007761209,3.390679326825426,0.7842856101697268
852,0.29432892928378396,4.997043435762994,3.0350854850484383,0.7449460218517897
853,0.17342785561011376,8.786866792046977,4.073793155956306,0.6716825679543155
854,0.13572313170637962,7.979789314047948,4.388757781243525,0.6324827118327089
855,0.17787342914843404,7.6505134884492385,3.9260350952049734,0.6639888099820548
856,0.01616544201518443,9.37856397378073,4.650873558680051,0.5764289386908751
857,0.25745299175677183,6.624701568316117,3.419663053664377,0.7337036396425265
858,0.3481054334114259,7.232360168871614,3.560166556231005,0.7868274073867103
859,0.2706370097257256,6.8843997889493505,3.6595086715581924,0.7084058858030275
860,0.188368931497228,10.778368023608554,4.010218822186373,0.5641249679626609
861,0.25954335417730334,6.802953520631244,3.851200970450165,0.7667935829669208
862,0.19880094968017648,8.639645482362202,4.136249757677794,0.7028441347541945
863,-0.01753361008625774,8.750981208892096,4.509135777867158,0.6247599679219806
864,0.21993690752339673,7.756424796525671,3.617405860929579,0.6980099346904463
865,0.12133588136967369,8.640670867585388,4.151466236995192,0.6994238751814162
866,0.17989452097554173,6.578996019312391,3.4579568510591914,0.7229261833388612
867,0.45689492226971523,8.115755411073405,3.191667172549928,0.7703156299900557
868,0.15292387961472126,8.182359494390475,3.943458948963331,0.6135410393372287
869,0.22823057122605542,9.521137597575718,4.161305731235758,0.6861788959239182
870,0.20892083893687194,6.841245114504882,4.065861375392367,0.6766054245869084
871,0.052225535278348154,6.110732929909952,4.1664700218966795,0.6617019365868593
872,0.13282170692856454,7.022207948002003,4.0159238341635515,0.6251881130027679
873,0.2642822725151845,6.535739603588899,3.2515767453824194,0.7183329968615609
874,0.2411591995876266,6.968948846828601,3.808458251335194,0.6958001788513324
875,0.24453398031979928,6.845796404350024,3.5778752794727597,0.6807940500126101
876,0.07283691116372136,7.440927063528528,4.152644367600597,0.6596084043631169
877,0.17075306103688528,5.109248884704681,3.6985245814123107,0.7565631187824018
878,0.13007764915452383,7.896790770230892,4.162208097906299,0.6234273938258558
879,0.2343226367594509,7.063536693073191,3.637646034878637,0.6657112997248331
880,0.13097596489994207,5.56494580721742,3.8323688467978676,0.6764014052658552
881,0.10917911626182057,8.31228234253249,4.418353698024708,0.6530531423022516
882,0.2780594962880889,8.167563989467935,4.0400789670077515,0.6988791654398309
883,0.17375364384185107,8.830509575089618,4.275682266247073,0.7107028535303448
884,0.1290581984770693,7.862322766040204,4.1833641495878116,0.6258460708275887
885,0.18650186713104813,9.21448506266087,4.38033150942081,0.667124604929717
886,0.3199150412643483,4.457547151885888,3.217528490602029,0.7458034578684821
887,0.150781074667874,7.063042828046466,4.061490017328503,0.6891792098853565
888,0.2136626210148396,6.535241002062642,3.9540669267852997,0.7304952107888179
889,0.42111191687156224,6.091641856033175,3.3183767378462323,0.7389978998163775
890,0.35490246165640454,8.728159774734117,3.356828730090387,0.6813939719266363
891,0.4096880405662061,6.4801867652407035,3.2786244924585084,0.7649708899781906
892,0.31477373347135296,7.264154610689663,3.8308320344485858,0.759427242128804
893,0.10944370994738094,6.6449847954980825,3.79022787022915,0.586932538860875
894,0.4851029406238723,8.1398184269242,2.983775350034784,0.7952291247976147
895,0.1793119406084357,7.192086516221229,4.0017310610015775,0.6278559936226226
896,0.17740451589536727,6.878003687158522,3.7991791030817996,0.7006916933785752
897,-0.02477086117886521,7.072904615875077,4.2632321978870245,0.7015881591168014
898,0.06684448596551874,7.864204961901139,4.338940048361691,0.637675098770901
899,0.2915956385245432,8.799691723325566,3.976781549511895,0.6920363834544632
900,0.10858827098438706,8.591825542368118,4.212413332876766,0.641431236061066
901,0.2791914392067344,9.73991019153145,4.202582364961559,0.6968052742350663
902,0.32882814554675077,9.372191470111707,4.026901540905884,0.6896678070572969
903,0.3982596670166233,6.583758519335868,3.2415483061909156,0.7380686550293185
904,0.3180957623285826,8.089291944153066,3.800816023558115,0.6957890583183484
905,0.18669228281521866,8.838785608795746,4.118689835625514,0.6615310283564778
906,0.06914744149078493,4.349578292353487,3.9785620656326643,0.6797381396012684
907,0.2883636342134978,6.050890914087637,3.024500787279286,0.7609704878700551
908,0.11196528984147083,7.184667791967373,4.128597788430334,0.6927856062281474
909,0.07991477790112955,5.708983619425599,4.104946185121211,0.6539763878101601
910,0.0030475538753310196,8.214275305273045,4.017424561049087,0.5684234669107175
911,0.2904365943929034,8.085553749747714,3.477155848289672,0.7483910098579583
912,0.3082005609240495,7.418268928622544,3.8845593219325196,0.7588659317238377
913,0.15764692274395328,7.10829969583283,4.270822309771835,0.6622860139740672
914,0.2419021351815601,7.092203223161988,3.7801564609293767,0.7442511493628546
915,0.15701904034320233,6.204531022129147,3.727107429368049,0.7675956028077267
916,0.21477734122973138,7.889756082661002,4.01788787981719,0.69142935219363
917,0.3688916673207982,7.184552709085331,3.5040389826882676,0.754916831416386
918,0.18669156119852703,8.20805845451885,3.771324007100524,0.7535297970371356
919,0.07348575258687624,7.746694434867384,4.181259101452486,0.6650534356592278
920,0.3500873562140813,6.587538338796113,3.434948619065501,0.7914715644335755
921,0.15949802150876027,6.0018220137455085,3.66708865234193,0.7387685572507537
922,0.009970281750275804,6.645090273965717,3.987714946134778,0.5986405941741704
923,0.36255176778746734,9.518388231498431,3.3969373936273297,0.7606507920701601
924,0.3176008015180108,7.05752638821148,3.1165683947587755,0.786438786996729
925,0.1525858981311587,6.726695204603484,4.218385299216558,0.7013085481297963
926,0.11800194769289184,10.840674709489504,4.3978268224570325,0.6884087836276295
927,0.15030358924944062,7.892383120582722,3.4073220842482015,0.6977549296657897
928,0.034681118729280286,8.643088411549197,3.8925595229608585,0.5280489938629547
929,0.26270135339524514,7.583213430804123,3.675966988059001,0.7960105236638397
930,0.21713680626629678,6.9916767338187915,3.895106277844839,0.7486100806108128
931,0.16710726886292912,5.794277580693891,3.837492189458532,0.7520867101028674
932,0.057930658322349365,8.98182080121343,4.40000063867252,0.6144417528708096
933,0.303300947920527,7.234522686862915,3.5855690052830034,0.6901988792152572
934,0.2670967705548575,8.083727865674017,3.5836318346882514,0.7342379836534886
935,0.03152638163694158,6.590498776536095,4.439851710820996,0.6162349083139218
936,0.08533242181681748,4.976343325236696,3.736787291372807,0.8052646814861316
937,0.23593234402159696,7.944817261367718,3.869480956554975,0.6872727859539434
938,0.10511252028700979,5.842313972867002,3.674452203393944,0.7215099727461978
939,0.2354119224761888,9.792283209685667,4.24498373352708,0.6875739750006444
940,0.21160695796175563,7.566009192738373,3.7716316008080075,0.7251169818725304
941,0.16699076201727786,7.3333376965678765,4.032141152447578,0.6613339756351104
942,0.12974782576522562,6.873745438579461,4.319980576541,0.7244446383869414
943,0.18481363450921565,6.689568636375678,4.069034142980709,0.7523057209855165
944,0.14165090143005568,8.572278338875552,4.452390816532364,0.5846322675446413
945,0.07555612468442456,6.084641830367313,3.6849846595462044,0.7393887650069746
946,0.2644912505575,6.128568991396311,3.329322808613322,0.7881644088704646
947,0.11525742228007796,7.478266269471644,4.194275291855189,0.6259682701412892
948,0.1879837969992363,8.545918461670821,4.235903182231092,0.6612902920337994
949,0.14991091822260075,5.7867944802993625,4.233421690107547,0.5413063682778436
950,0.07138985815541357,6.550657889425505,4.204403231359999,0.6215849514462766
951,0.0663357363919884,7.956919847562708,4.248155311135208,0.6238622158239278
952,0.21616127125575488,7.559676102518044,4.1091597300388845,0.7442564050144342
953,0.28621569900774674,9.436308429409136,4.338303814720308,0.693723518166783
954,-0.019712117953127523,7.328033477861505,4.024984851451294,0.620581133743967
955,0.4354754494511535,9.072623249657523,3.398254353577844,0.7642249098478223
956,0.1882888518193459,7.059646049614737,3.842544140243677,0.713887028002358
957,0.05300583780865184,9.59812600391271,4.751076561480758,0.6240882867196564
958,0.25836645762580485,7.303011746505626,4.0221921936662115,0.6870624712095003
959,0.3831704692859899,6.63678872284714,3.285834818007336,0.7723978889911549
960,0.21366202331383427,8.442295474062592,3.972279214260102,0.6982129529777668
961,0.17648721469012985,7.452143618923086,3.8997345265136025,0.674495171337657
962,0.3448751531748422,6.326807233416323,3.2410334130183376,0.7333597951051016
963,0.21135185286223945,6.469119578897925,3.510715381217721,0.7697348772160995
964,0.32787122161935234,6.570354071002499,3.640354153390453,0.6971381821027629
965,0.23044969211266728,5.822279645929009,3.8033064327290527,0.7146278573990279
966,0.08358662007367298,7.1487124305973255,4.618631734104739,0.61395196577824
967,0.22514118102585448,8.942336949159035,4.038151885355493,0.6566937801794681
968,0.04627332271033951,5.91588506895451,4.258528299497327,0.6524159253367485
969,0.14306502627921724,6.208840123139155,4.392157127416302,0.6500081669906645
970,0.2604325271664609,8.237681689348035,4.0058598026498915,0.6842367994712782
971,0.07546793762614795,5.576009456990687,4.047738830755266,0.7011311577572188
972,0.1871230627011947,6.291927305023633,4.211324980390951,0.6525402630092327
973,0.08945290692438708,7.142886355468598,4.330151492458229,0.6079508441976588
974,0.34270902557175753,10.900365210247541,3.634380676220695,0.6316519186876737
975,0.20834549535006466,9.541836140105566,4.294713112568926,0.6358111321265328
976,0.18410527539322255,9.083644273676864,4.192112741578588,0.663849143533724
977,0.3271583181488506,8.077834083099612,3.494549967509584,0.7050496014530272
978,0.07537538507504538,7.7660888689714325,4.538387399805199,0.6105447483154519
979,0.28172304477327537,6.988823349027332,3.95736430077439,0.759393265462135
980,0.3253798818339409,7.546618356814545,3.6682470534680984,0.7038455626448615
981,0.1258088156075292,5.85642621057967,4.26480870800887,0.6808970256365772
982,0.32855290760882855,7.548671312080854,3.3933959355114305,0.7131011199774276
983,0.3435034910546291,6.437352137982771,3.5560960844896834,0.7912724474640638
984,0.21700163787648633,6.733288986763601,3.7880411133857175,0.7299072212242594
985,0.16774481866930666,7.158327501659508,3.9944753534710657,0.7418737738596707
986,0.272232359829758,9.011006452435847,4.118767058717262,0.748379743268596
987,0.13518579356661148,6.849447306725446,3.7938925571098467,0.6609534433103881
988,0.31885369555473947,7.207860431684164,3.2124793530142535,0.7946073502780997
989,0.19248267213553832,7.557306782522547,3.8609752227802114,0.7345081481294888
990,0.17967703409033522,8.972551723570973,4.181357585253483,0.6465506939405956
991,0.11459599909036157,6.309408927581088,4.399104820731814,0.6491589583324634
992,0.19949830959065576,9.273690857137604,3.7465643637489987,0.626778989351839
993,0.30370250601010834,6.752374951843346,3.5400189377161366,0.7589956210669789
994,0.2982801112441992,5.876539502856412,2.9596908892056777,0.8660082457249099
995,0.3236595729438718,9.310169887673714,3.6077379656872277,0.7467896540632524
996,0.1951373021994858,5.729426249778534,3.4261743874199064,0.7708495712018425
997,0.18883311017594212,7.851598284429616,3.9065640387384404,0.7403225755567374
998,0.03349093046254848,6.564674922346014,4.083743342045147,0.6775376110277838
999,0.25382270239557386,6.534207515509906,3.6612273474256845,0.7848809851279381
1000,0.1625337495768677,7.831344721764135,3.9379365041299526,0.6734267627422474
1001,-0.017527224510161542,7.82961559106214,4.469408464513788,0.5919560317790367
1002,0.27888907497618476,6.542469719074598,3.401018069506124,0.7037357360038865
1003,0.09853339250826378,5.925733017853518,4.209184628521989,0.7378678104473152
1004,0.18496530859115762,8.475507395481275,4.348672835557612,0.6254189659689142
1005,0.12416123363913344,7.081766621013732,4.302260765254998,0.6983637652162541
1006,0.2715602528412491,8.50924501439628,4.019698325726596,0.642176445851193
1007,0.17251002302619217,7.673529961744864,4.047957410885046,0.6943430093913193
1008,0.12764026811126716,5.73895358359402,3.178722564215113,0.7384363461761575
1009,0.19189689714743818,8.093502703743123,3.8070593771121533,0.6978507055600185
1010,0.29321105157546745,7.679371836921025,3.3809708156965925,0.7581218600474746
1011,0.27922410757390503,7.935900887180803,3.5835647128510444,0.7590199680687152
1012,0.20908341273681574,8.682773642696194,4.151682928365978,0.6817769412458581
1013,0.29433955076493246,10.174858160259568,3.736103327423519,0.6935478763202351
1014,0.18627107476229005,10.305759243806122,4.357385222253177,0.6016949260980259
1015,0.13813155454111026,5.275341628258322,3.591532198887129,0.7018667459708374
1016,0.13997830347152934,8.826856356363772,3.828632714751559,0.689655444022233
1017,0.16020068966274906,7.795301785041779,3.920502024464986,0.6411214148190273
1018,0.14778056765903144,7.2221794950362765,3.944096693937187,0.7261017743449952
1019,0.21928035692430764,8.908646492632933,3.8562722302162444,0.6694190740497524
1020,0.33076868095278744,6.348321002246597,3.490876703701215,0.7285752503017843
1021,0.178649879121879,5.31827383213542,3.8072266556845458,0.6994054594817535
1022,0.0844643400904342,7.132314501679909,4.260316539018909,0.7019632507562765
1023,-0.004306767061264384,6.8278897890320085,4.007421137250581,0.6321088868520109
1024,0.04410295520608997,8.52025058460594,4.432731603747763,0.5860482719662019
1025,0.24764786739269404,5.619284122534947,3.441628831604344,0.7904225082868751
1026,0.18514816035473894,6.959222564477888,3.695626121893881,0.8047785278147775
1027,0.24402176031482378,8.260937118959953,4.191017629885441,0.7513269443729145
1028,0.08872634506894844,7.003292564310517,4.091682343874695,0.7015909121337683
1029,0.04219056355871948,4.958599541717224,3.9986846600496464,0.6943842677299893
1030,0.2674842177270001,8.104842102873494,3.5071491420896503,0.7434756488244746
1031,0.06970386200466717,6.9096343963641145,4.164867118405221,0.6544625519811008
1032,0.18505283158995775,6.013014745657014,3.3411383025062524,0.7452954592449632
1033,0.34144133430968754,7.470293538137511,3.4320954765328455,0.7357007323949974
1034,0.06548294553410018,7.734479922552974,4.496468635637124,0.6726892584699429
1035,0.27424814096451733,8.043237234303767,3.870725198650649,0.7194833781863457
1036,0.20186604571965086,7.303705237535755,3.7574960472576606,0.7013834398059453
1037,0.2791658757541404,6.09945311953767,3.4330089206933208,0.778775385135558
1038,0.22206036955538735,7.339259536119321,3.744193538128931,0.7093817577610099
1039,0.1941532660007852,8.35924677523666,4.1488527280219625,0.6935992292228396
1040,0.34397683532878426,9.164126601827357,3.3519432365611155,0.7452172111982442
1041,0.22645260955105637,5.803181555579291,3.7341417985612875,0.7070548761194123
1042,0.18007822545236785,6.722851527718175,3.7477960413469256,0.6773426426690015
1043,0.2335625044586855,8.338549602446417,3.2903380663997175,0.6558535953119758
1044,0.14737166879083607,7.106729343718179,3.830530838349717,0.7641019146006334
1045,0.3153264890739838,7.0820608742451805,3.2921266108750538,0.7482121532829281
1046,0.2722981312185796,7.9291964957479975,3.91865845868072,0.7127660078122582
1047,0.3189274659699745,7.151107190418884,3.3410742522991126,0.7710493946328454
1048,0.2638293609843072,5.486999581362191,3.7891760288980505,0.6853469207059971
1049,0.24230776456103928,8.218000901646361,3.9660729085371007,0.7069206129126733
1050,0.20555396729834366,5.058535113301455,3.5534850863003418,0.7433487639562403
1051,0.28341775615637566,9.037311385874625,4.271144904260357,0.6709098533382052
1052,0.09104496246377859,6.37897373953829,4.150526429642941,0.6809229060214997
1053,0.21082975770933596,8.132254043141554,3.816309440945266,0.7499379673279315
1054,0.2236279830528598,5.840750376872208,3.767459503569765,0.6563625688304779
1055,0.09332687200372786,5.698862169702745,2.844168396887963,0.8207954000655141
1056,0.25953625310835565,8.51645458768487,3.6679739185887756,0.6821437372766492
1057,0.14781033488299788,6.986914516706277,3.915366966161182,0.6827720347473689
1058,0.20114647229526117,10.128510271177706,4.231612753909612,0.6590720864441606
1059,0.15549657352189392,8.381817686974877,4.051022189345577,0.6509931564155108
1060,0.2019344936160014,4.956319526328557,3.303962408476519,0.7900113255449932
1061,0.15971926130939756,7.9978368564147795,3.900786882939437,0.6878485493145448
1062,0.3259852362779645,8.385117223645047,3.580661133892224,0.7191861563914577
1063,0.19921715676057258,8.263297268603218,4.090631030484837,0.6254499626598846
1064,0.23193293405516063,7.913467940582256,4.0313735102534825,0.6860549852513402
